NPolygons;L2 loss;H1 loss
1;0.00036423854799963375;9.232361248443638e-05
