NPolygons;L2 loss;H1 loss
238;0.0024203319149008777;0.014905951420704389
