NPolygons;L2 loss;H1 loss
1000;0.010376940195325526;0.05057300481502496
