NPolygons;L2 loss;H1 loss
40;0.001309961957915887;0.005258597422748647
