NPolygons;L2 loss;H1 loss
40;0.0009474131282014878;0.004168599250982039
