NPolygons;L2 loss;H1 loss
285;0.0012166253184972087;0.005344730932922
