NPolygons;L2 loss;H1 loss
285;0.000678474100589934;0.0031472928009993084
