NPolygons;L2 loss;H1 loss
1000;7.334754739589826;5.083208022827072
