NPolygons;L2 loss;H1 loss
238;0.0013301105558519847;0.004347028645770851
