NPolygons;L2 loss;H1 loss
1;4.509869402001899e-06;2.204704158305455e-05
