NPolygons;L2 loss;H1 loss
1;0.00013518849822217031;3.523319801723137e-05
