NPolygons;L2 loss;H1 loss
1000;0.002410576165500016;0.007621405129190092
