NPolygons;L2 loss;H1 loss
1;0.00028813893417130434;0.0002730456155344205
