NPolygons;L2 loss;H1 loss
1;7.439028712679937e-05;3.512141234071691e-05
