NPolygons;L2 loss;H1 loss
1000;0.01744443343375601;0.0531029227767118
