NPolygons;L2 loss;H1 loss
1000;0.022443739536410885;0.05377921130483306
